[{"model": "contenttypes.contenttype", "pk": 1, "fields": {"app_label": "admin", "model": "logentry"}}, {"model": "contenttypes.contenttype", "pk": 2, "fields": {"app_label": "auth", "model": "permission"}}, {"model": "contenttypes.contenttype", "pk": 3, "fields": {"app_label": "auth", "model": "group"}}, {"model": "contenttypes.contenttype", "pk": 4, "fields": {"app_label": "auth", "model": "user"}}, {"model": "contenttypes.contenttype", "pk": 5, "fields": {"app_label": "contenttypes", "model": "contenttype"}}, {"model": "contenttypes.contenttype", "pk": 6, "fields": {"app_label": "sessions", "model": "session"}}, {"model": "contenttypes.contenttype", "pk": 7, "fields": {"app_label": "social_django", "model": "nonce"}}, {"model": "contenttypes.contenttype", "pk": 8, "fields": {"app_label": "social_django", "model": "partial"}}, {"model": "contenttypes.contenttype", "pk": 9, "fields": {"app_label": "social_django", "model": "association"}}, {"model": "contenttypes.contenttype", "pk": 10, "fields": {"app_label": "social_django", "model": "usersocialauth"}}, {"model": "contenttypes.contenttype", "pk": 11, "fields": {"app_label": "social_django", "model": "code"}}, {"model": "contenttypes.contenttype", "pk": 12, "fields": {"app_label": "app", "model": "complaint"}}, {"model": "contenttypes.contenttype", "pk": 13, "fields": {"app_label": "app", "model": "comment"}}, {"model": "sessions.session", "pk": "0mecj0rehxf1qgd5y3u47hzhdcjckdwx", "fields": {"session_data": "ZDg0NmU4ODU4ZDE3ZDgwMjYwMGZmYTI5ZWI2NzY5OWZiMDJiM2UzMDp7ImZhY2Vib29rX3N0YXRlIjoiSTl2RzZzWXo4bTdPWktVaFpGV3B1Q3I0N05jYnBIdFQiLCJfYXV0aF91c2VyX2lkIjoiMTAiLCJfYXV0aF91c2VyX2JhY2tlbmQiOiJzb2NpYWxfY29yZS5iYWNrZW5kcy5mYWNlYm9vay5GYWNlYm9va09BdXRoMiIsIl9hdXRoX3VzZXJfaGFzaCI6ImI2NTU2NTVkMWIzMDQxYjc3MmNiMDA1ZmQyMGQ3NWFiZTA5MzUzY2UiLCJzb2NpYWxfYXV0aF9sYXN0X2xvZ2luX2JhY2tlbmQiOiJmYWNlYm9vayJ9", "expire_date": "2017-05-06T23:56:08.741Z"}}, {"model": "sessions.session", "pk": "0pm0mj37qcc6xraojfet8m2z6l2oyouj", "fields": {"session_data": "ZGJjMDJiMWU4ZWM2YjA5MDYzNDhlNWY3NWZjMzg1Njg4NDBmNTU1Zjp7ImZhY2Vib29rX3N0YXRlIjoib1F6dlZ1cUNyM0k5ZmNlN044OGlnczdHS1ZCbFJSRkwifQ==", "expire_date": "2017-05-06T20:23:18.627Z"}}, {"model": "sessions.session", "pk": "1niwngujr4kdyiq5aq0557dbrd8je7bq", "fields": {"session_data": "MTZlY2ZhMWQ1OTg4NGE2NDhlNzIxNmE1YTIwZmQ2YmY3N2FmYmRjNzp7ImZhY2Vib29rX3N0YXRlIjoidml6SER2RjFFSzZubnBROFNVeGVQS08yS0ZscWV4SmYifQ==", "expire_date": "2017-05-15T00:59:47.231Z"}}, {"model": "sessions.session", "pk": "2jkr8fz3rqvmoy7xtbk69sqnb4sd9pdv", "fields": {"session_data": "MjE0MjczYjFhMWNiYTI0MTNmYWI5YzA4MTlhY2IwOTUzNTFiYmU0NTp7ImZhY2Vib29rX3N0YXRlIjoiS1l5enNZa0FmT2xYS2J1VlBwaTJhTlhuSXhDYm9lcnQifQ==", "expire_date": "2017-05-11T17:37:10.440Z"}}, {"model": "sessions.session", "pk": "3lvj4tvgsnd1o8mz0z60r9ovxxdvsxui", "fields": {"session_data": "YTk0NzhmZmVjZDQ5YTY3NTc3ZGZkZGNhZTJjMDMzNTM5MDZkYjA0NTp7InR3aXR0ZXJfc3RhdGUiOiJxcVplcHRYRk1YaWpaSXlwM3M1a2ZCN2U4bG9vR0tQNCIsInR3aXR0ZXJ1bmF1dGhvcml6ZWRfdG9rZW5fbmFtZSI6WyJvYXV0aF90b2tlbj1kRksyX2dBQUFBQUEwUnBaQUFBQlc1ZGZFOFEmb2F1dGhfdG9rZW5fc2VjcmV0PU5ncXBPUVlJQzN4OHU5Wnk2cVlOV2c1N2pGSjl6dDhDJm9hdXRoX2NhbGxiYWNrX2NvbmZpcm1lZD10cnVlIl19", "expire_date": "2017-05-06T20:34:02.346Z"}}, {"model": "sessions.session", "pk": "3ukkzznj0t9gm7gq40aqtibjifcjtsou", "fields": {"session_data": "MTI1MzgwMDU5NWY2Mjk3NDljZTg0MWRjMmMxNzJkZTA5YTNhNDgxNTp7ImZhY2Vib29rX3N0YXRlIjoiUzFnQ1VHQnZ6d2FiS21LZktKVjlnQVcxU1VhSno5a2IiLCJfYXV0aF91c2VyX2lkIjoiMTIiLCJfYXV0aF91c2VyX2JhY2tlbmQiOiJzb2NpYWxfY29yZS5iYWNrZW5kcy5mYWNlYm9vay5GYWNlYm9va09BdXRoMiIsIl9hdXRoX3VzZXJfaGFzaCI6ImY1MTUwNWQ4ZDFhNzQ5NTlhMDBhMmZiMjk1MWFjNDQ0YTYxMjA4NWQiLCJzb2NpYWxfYXV0aF9sYXN0X2xvZ2luX2JhY2tlbmQiOiJmYWNlYm9vayJ9", "expire_date": "2017-05-07T04:11:56.044Z"}}, {"model": "sessions.session", "pk": "4tmi0w8npiwlo90sktt88aa6cubdceap", "fields": {"session_data": "YjY4ZTdkYjA2ZmJiOWI4ODE1YWRlNjhhNjBmMjA3ZjY1Y2ExNzAwZjp7ImZhY2Vib29rX3N0YXRlIjoibVlJQ3VzTWhPak4zenAyaWxCS1BrMmVYMjZHcElib3giLCJfYXV0aF91c2VyX2lkIjoiMTYiLCJfYXV0aF91c2VyX2JhY2tlbmQiOiJzb2NpYWxfY29yZS5iYWNrZW5kcy5mYWNlYm9vay5GYWNlYm9va09BdXRoMiIsIl9hdXRoX3VzZXJfaGFzaCI6IjkxNWI3YzUxOWM2M2ExMzBjYjBmZWMyZmI2NmMyODdmNzE4M2I1MmMiLCJzb2NpYWxfYXV0aF9sYXN0X2xvZ2luX2JhY2tlbmQiOiJmYWNlYm9vayJ9", "expire_date": "2017-05-09T10:06:03.448Z"}}, {"model": "sessions.session", "pk": "4ynnphlmcy3dlka5dr0tzj9xiqe85jtd", "fields": {"session_data": "NjQ0MTJlOGQxZjM2MDkzN2EzZDNkY2FkMDBjM2M2ZWI0OGQwNTc1Mzp7ImZhY2Vib29rX3N0YXRlIjoiSmlTNkdIZ05saThpSHE1SG05UXdWMTBra1B1Wkt0YVYiLCJfYXV0aF91c2VyX2lkIjoiMiIsIl9hdXRoX3VzZXJfYmFja2VuZCI6InNvY2lhbF9jb3JlLmJhY2tlbmRzLmZhY2Vib29rLkZhY2Vib29rT0F1dGgyIiwiX2F1dGhfdXNlcl9oYXNoIjoiZjQyNTZmNTU0ZDQ3ZGRlOWI5Y2M2YmEzNWE3NTVmMDA2MDc3OGJiYiIsInNvY2lhbF9hdXRoX2xhc3RfbG9naW5fYmFja2VuZCI6ImZhY2Vib29rIn0=", "expire_date": "2017-05-06T19:52:54.734Z"}}, {"model": "sessions.session", "pk": "59x1w1a10ls93qkoqfgsxj2wmgfuy89v", "fields": {"session_data": "MjYxMjI2OWRkYzdjZTFhYjdkMzUxMjBjMGQ4MWVlMjhjYmM4ZGFhMzp7ImZhY2Vib29rX3N0YXRlIjoiV2pOaTJpcWlzbmY1ZGpoeExVeG9DVVNOdGR2UklGUTYiLCJfYXV0aF91c2VyX2lkIjoiNyIsIl9hdXRoX3VzZXJfYmFja2VuZCI6InNvY2lhbF9jb3JlLmJhY2tlbmRzLmZhY2Vib29rLkZhY2Vib29rT0F1dGgyIiwiX2F1dGhfdXNlcl9oYXNoIjoiZDI3YmMzZGEzMjQzMWE4MmM2NzI4OWI2MTdlZTNmZTViYzBkNWY5MyIsInNvY2lhbF9hdXRoX2xhc3RfbG9naW5fYmFja2VuZCI6ImZhY2Vib29rIn0=", "expire_date": "2017-05-06T21:05:32.070Z"}}, {"model": "sessions.session", "pk": "5bru7bft9mtisyn5ez01zge5x6j9xw29", "fields": {"session_data": "OGE4N2IyMDYyMzU2MGY5ODFjOWY2N2Q1MzZhZWQxYTEwYmM4NjRhODp7InR3aXR0ZXJfc3RhdGUiOiJ0TVpoeW01c2o0OGIzelo1aUwzTWFCOWRac25DQWgxSSIsInR3aXR0ZXJ1bmF1dGhvcml6ZWRfdG9rZW5fbmFtZSI6WyJvYXV0aF90b2tlbj0xQWxSdGdBQUFBQUEwUnBaQUFBQlc1ZGNPdlUmb2F1dGhfdG9rZW5fc2VjcmV0PUZkemk3a3pSa3FqaFMyVkFnbFJuMVhJeE9tRk5OR0J2Jm9hdXRoX2NhbGxiYWNrX2NvbmZpcm1lZD10cnVlIiwib2F1dGhfdG9rZW49MnNicXhBQUFBQUFBMFJwWkFBQUJXNWRjUVJnJm9hdXRoX3Rva2VuX3NlY3JldD04V2J4czZDZGtwaEp4QmxiUHNzM3hnWTFNRFBBTHBPSyZvYXV0aF9jYWxsYmFja19jb25maXJtZWQ9dHJ1ZSJdfQ==", "expire_date": "2017-05-06T20:30:57.324Z"}}, {"model": "sessions.session", "pk": "5d5qdqwk9k8ed3qv25rgf0mjau1vym4j", "fields": {"session_data": "ZWY2MDc3ZTExNDk0YjNiYWU0MDhhYWMyNmIxYzI1NGRhNTYwOThhNTp7ImZhY2Vib29rX3N0YXRlIjoic3ZtV2JOVE5sd2VhMlJ6VlMyWjF3cWNtMXMzcnNyWm0iLCJ0d2l0dGVyX3N0YXRlIjoiYzBQS2pKMmFSQUVZYVpLejczbzJxZE92Zksyb0xLRkciLCJ0d2l0dGVydW5hdXRob3JpemVkX3Rva2VuX25hbWUiOlsib2F1dGhfdG9rZW49SmVabWpRQUFBQUFBMFJwWkFBQUJXNW11cl9BJm9hdXRoX3Rva2VuX3NlY3JldD1lVTUwajc2RVlyRXQ4NWM5WFR5ZXBsRmFiN2xUdmQ0VyZvYXV0aF9jYWxsYmFja19jb25maXJtZWQ9dHJ1ZSJdfQ==", "expire_date": "2017-05-07T07:20:14.087Z"}}, {"model": "sessions.session", "pk": "5hnhz895cfoe9yr6rnxhnv5cbwk2z9v2", "fields": {"session_data": "MjUwMDc2ZWEyMjE1NTgyMDJlNDM4ODE4ZDJhYmQzZWVjYTI3Yjg1Mjp7ImZhY2Vib29rX3N0YXRlIjoiaWNBUzQzbXZ0U0FkbHBEMm1INWltb0dmNE1QdGw5d2siLCJfYXV0aF91c2VyX2lkIjoiMTEiLCJfYXV0aF91c2VyX2JhY2tlbmQiOiJzb2NpYWxfY29yZS5iYWNrZW5kcy5mYWNlYm9vay5GYWNlYm9va09BdXRoMiIsIl9hdXRoX3VzZXJfaGFzaCI6ImZkZmQ0ODM0OThlYTQxOTJjZDhmZjBmY2RlZjgxZWJiYjc5NDM0YTIiLCJzb2NpYWxfYXV0aF9sYXN0X2xvZ2luX2JhY2tlbmQiOiJmYWNlYm9vayJ9", "expire_date": "2017-05-07T03:46:17.817Z"}}, {"model": "sessions.session", "pk": "5q98dvy3qv73m0dhq469fb238inz4iqy", "fields": {"session_data": "OTliM2QzMzIyN2UyNjg1YjhjZGQ5MzQ5NjY3M2IxYjdlNDg1NzlkYjp7ImZhY2Vib29rX3N0YXRlIjoiNkl3OHgwWG42ZEF3RzhUNktFNlZVUTdNNXNnWGZnWVkiLCJfYXV0aF91c2VyX2lkIjoiMTIiLCJfYXV0aF91c2VyX2JhY2tlbmQiOiJzb2NpYWxfY29yZS5iYWNrZW5kcy5mYWNlYm9vay5GYWNlYm9va09BdXRoMiIsIl9hdXRoX3VzZXJfaGFzaCI6ImY1MTUwNWQ4ZDFhNzQ5NTlhMDBhMmZiMjk1MWFjNDQ0YTYxMjA4NWQiLCJzb2NpYWxfYXV0aF9sYXN0X2xvZ2luX2JhY2tlbmQiOiJmYWNlYm9vayJ9", "expire_date": "2017-05-07T04:13:09.376Z"}}, {"model": "sessions.session", "pk": "5zvtvlib5shz2dp8el6zq6fdy1a9akmu", "fields": {"session_data": "NjEyYmQzYmQ0N2RiOTQzMjIwMTk5YjdhMjdmY2M2N2VkOGJjMGNkMzp7InR3aXR0ZXJfc3RhdGUiOiIxdjdUOG0wbk53c0RzcWNFTEJGWWtDR0xvWjYyT0lxYyIsInR3aXR0ZXJ1bmF1dGhvcml6ZWRfdG9rZW5fbmFtZSI6WyJvYXV0aF90b2tlbj1aR3I5eXdBQUFBQUEwUnBaQUFBQlc4ZHVscnMmb2F1dGhfdG9rZW5fc2VjcmV0PWMyOXdnMmh3SlI3Y2tCc0g5NGtJZkQwVWRZOThhRGNHJm9hdXRoX2NhbGxiYWNrX2NvbmZpcm1lZD10cnVlIl19", "expire_date": "2017-05-16T04:32:45.297Z"}}, {"model": "sessions.session", "pk": "6a85bynw0qoss78ul4wm89wzefmotwg5", "fields": {"session_data": "YTY5ODQ0MTMxM2NjY2M5ZGFkYzczMjRiNzE2MWJiNjhkNWFjMjNhMTp7ImZhY2Vib29rX3N0YXRlIjoiSDhSWWNzZmRRUlljYUg1Um9EVUVUdFgxTFRBRjRWdFUiLCJfYXV0aF91c2VyX2lkIjoiNCIsIl9hdXRoX3VzZXJfYmFja2VuZCI6InNvY2lhbF9jb3JlLmJhY2tlbmRzLmZhY2Vib29rLkZhY2Vib29rT0F1dGgyIiwiX2F1dGhfdXNlcl9oYXNoIjoiZWYwMDI3YmYyNTM0OGFmYTkzZmFiMjkwMGU1YjA5YWNkOWQwZThkNyIsInNvY2lhbF9hdXRoX2xhc3RfbG9naW5fYmFja2VuZCI6ImZhY2Vib29rIn0=", "expire_date": "2017-05-23T02:39:25.330Z"}}, {"model": "sessions.session", "pk": "6snskwl9f5260fywc5gimslzhzycufvq", "fields": {"session_data": "NGQ0ZWI2YTkxYzk5OTViYzQ3OWY3NWVlYTQzZjc5ZjcwNTc1YWNmNzp7ImZhY2Vib29rX3N0YXRlIjoiTHA3dHJFQVI0ZW9YaXpqZFdzQ0Q5dExDNUZLQzhuMGMifQ==", "expire_date": "2017-05-06T19:58:20.393Z"}}, {"model": "sessions.session", "pk": "7ra2qhiginvki4d6uysbhg2budo2f2v5", "fields": {"session_data": "NWE4YzIxZWE0MWNlNDlkMjlkMTQ5Y2Q5MDgyMDgwOTFjOWE0MmI4Zjp7ImZhY2Vib29rX3N0YXRlIjoiQ2xIVm9rSk5QOEdyMENYQ1prZkc3SGNKTk5PQlhzNlgifQ==", "expire_date": "2017-05-06T20:58:03.475Z"}}, {"model": "sessions.session", "pk": "8dmmrui1nwpzog2vft13zlz4y82crc20", "fields": {"session_data": "MTY3NDRlYzVmM2RlYzBjY2FiOGU3MTQwNTY2Mjk3NmI2MzdiMDAyYTp7ImZhY2Vib29rX3N0YXRlIjoiMnNoa2RoNnJLaERFSE1DbnJnbVB0QlJackJJeHBtejIiLCJfYXV0aF91c2VyX2lkIjoiNyIsIl9hdXRoX3VzZXJfYmFja2VuZCI6InNvY2lhbF9jb3JlLmJhY2tlbmRzLmZhY2Vib29rLkZhY2Vib29rT0F1dGgyIiwiX2F1dGhfdXNlcl9oYXNoIjoiZDI3YmMzZGEzMjQzMWE4MmM2NzI4OWI2MTdlZTNmZTViYzBkNWY5MyIsInNvY2lhbF9hdXRoX2xhc3RfbG9naW5fYmFja2VuZCI6ImZhY2Vib29rIn0=", "expire_date": "2017-05-06T21:02:52.095Z"}}, {"model": "sessions.session", "pk": "8ya09lizjt9qrkfl14td0gsa4l6m5o9e", "fields": {"session_data": "NTM2NjE2Mzk5NTQ4YjFiYTVkMTAxN2JmNjM5YTY2MTVkYzM0MzE5MDp7InR3aXR0ZXJfc3RhdGUiOiJ2WGVhaXBaTlJaTmNUWHIwdEJmN1BoN3lzWmg3bkdBeiIsInR3aXR0ZXJ1bmF1dGhvcml6ZWRfdG9rZW5fbmFtZSI6WyJvYXV0aF90b2tlbj1ObklkaUFBQUFBQUEwUnBaQUFBQldfZUIyVUEmb2F1dGhfdG9rZW5fc2VjcmV0PTY0ZVZsZmpKdXhDZ0Vtd0tQQlJSV1huVzdqcG04YUU3Jm9hdXRoX2NhbGxiYWNrX2NvbmZpcm1lZD10cnVlIl19", "expire_date": "2017-05-25T12:35:33.864Z"}}, {"model": "sessions.session", "pk": "91tgfsn5cdk38hneq8oyek5hnh36aonq", "fields": {"session_data": "NjFhOWY5OGNmOGY1M2FkNTIyOGNmY2I5NmI0MjE1MDA5NjZjMTA3MTp7ImZhY2Vib29rX3N0YXRlIjoienNqd2pVTGpxZEVJQzltU3RhSnVpejZuRmJYUERGQ1kiLCJfYXV0aF91c2VyX2lkIjoiMTIiLCJfYXV0aF91c2VyX2JhY2tlbmQiOiJzb2NpYWxfY29yZS5iYWNrZW5kcy5mYWNlYm9vay5GYWNlYm9va09BdXRoMiIsIl9hdXRoX3VzZXJfaGFzaCI6ImY1MTUwNWQ4ZDFhNzQ5NTlhMDBhMmZiMjk1MWFjNDQ0YTYxMjA4NWQiLCJzb2NpYWxfYXV0aF9sYXN0X2xvZ2luX2JhY2tlbmQiOiJmYWNlYm9vayJ9", "expire_date": "2017-05-07T04:12:36.294Z"}}, {"model": "sessions.session", "pk": "aslnu1uzm4ey0foz0dfcj8cldbkcginu", "fields": {"session_data": "MmVjYWZlZjQ2OTI5MTFiZDM0ZGMwYzhkOGQxOWI5Yjc4MTNiYWEwNDp7Il9hdXRoX3VzZXJfaGFzaCI6IjQ4MjdiNTBlM2U3M2RmOGU1MzM5MDFjZTA3ZGY4YjkxZjFhNGQ5MTAiLCJmYWNlYm9va19zdGF0ZSI6IjBlWk9QdU5MampySWtuZTZXUFhTSUJkNGhheHlHT0VCIiwic29jaWFsX2F1dGhfbGFzdF9sb2dpbl9iYWNrZW5kIjoidHdpdHRlciIsInR3aXR0ZXJfc3RhdGUiOiJ0cngxdUtvU3oxOVV0UVd2WUtVbE1QVDFKcGFhQm1tVCIsInR3aXR0ZXJ1bmF1dGhvcml6ZWRfdG9rZW5fbmFtZSI6W10sIl9hdXRoX3VzZXJfYmFja2VuZCI6InNvY2lhbF9jb3JlLmJhY2tlbmRzLnR3aXR0ZXIuVHdpdHRlck9BdXRoIiwiX2F1dGhfdXNlcl9pZCI6IjkifQ==", "expire_date": "2017-05-07T00:28:30.950Z"}}, {"model": "sessions.session", "pk": "c7sy49f2hrrqtjccihawxtntlt28ghu2", "fields": {"session_data": "YzU2YzQ0ODAxMDlkNTNmNjRiYTM5YzU5YjliNjVjNzczYjNhNTYyNDp7InR3aXR0ZXJfc3RhdGUiOiJRVzlCbDVudE1jTVVhOWtIaWFRRm1XSDZXZWZVSmlFcSIsInR3aXR0ZXJ1bmF1dGhvcml6ZWRfdG9rZW5fbmFtZSI6WyJvYXV0aF90b2tlbj01U0w0Q1FBQUFBQUEwUnBaQUFBQlc2T3RDeGMmb2F1dGhfdG9rZW5fc2VjcmV0PWVmTFVrR1NHTFRwMG91YjFNanJZRXliclgxUlZjcU5KJm9hdXRoX2NhbGxiYWNrX2NvbmZpcm1lZD10cnVlIl0sImZhY2Vib29rX3N0YXRlIjoiZUFTZWZUQ0JQOUs3ck9UVFBCTnZxdElMbEZzU3V4d2gifQ==", "expire_date": "2017-05-09T05:55:11.417Z"}}, {"model": "sessions.session", "pk": "chpyv7c1xifxsyre7d33h282cal39eqh", "fields": {"session_data": "NGM3ZGFhODZkOTdiMGViYzAzYjkxNzRjYWI1NWYzZDJjZWRlYjY2YTp7ImZhY2Vib29rX3N0YXRlIjoiVVFtNTlBbVJucHlVOG1LaGd2QlRBOEdBbkVMaHFjcEgifQ==", "expire_date": "2017-05-22T20:26:35.845Z"}}, {"model": "sessions.session", "pk": "db9wtnhuk8skn18tpvtkchn1u9euovpw", "fields": {"session_data": "NzJjMzkwZTYyYzllMzIwZGE0ZmU0NjNiMmY5MWQ0MDAwMzhjZDcxYzp7InR3aXR0ZXJfc3RhdGUiOiJOWmNRWmdmWFlRTVAzYTZsYTdLRENUNTI2ZnJkeFVhZCIsInR3aXR0ZXJ1bmF1dGhvcml6ZWRfdG9rZW5fbmFtZSI6WyJvYXV0aF90b2tlbj1sc2xaVkFBQUFBQUEwUnBaQUFBQlc3aFN1Q1Umb2F1dGhfdG9rZW5fc2VjcmV0PVNHNlRma0VuMkdMVzQ3ODRnbTJ6djFGUm1JM3licW5kJm9hdXRoX2NhbGxiYWNrX2NvbmZpcm1lZD10cnVlIl19", "expire_date": "2017-05-13T06:08:00.601Z"}}, {"model": "sessions.session", "pk": "e8i8sfyjao2pnyfewi9g6ypvlygmi9xg", "fields": {"session_data": "ZmZjZmMxM2JkZDU4YzlkY2ZjMTgxOTA5OGZjZGY2OTRiMmZmYWZhYzp7ImZhY2Vib29rX3N0YXRlIjoiVTd3M0lSUjl6NmhyMXlmRVZJQzFlR2dXYjREV3c0UjUiLCJfYXV0aF91c2VyX2lkIjoiMSIsIl9hdXRoX3VzZXJfYmFja2VuZCI6InNvY2lhbF9jb3JlLmJhY2tlbmRzLmZhY2Vib29rLkZhY2Vib29rT0F1dGgyIiwiX2F1dGhfdXNlcl9oYXNoIjoiYzNmYWZkZDQ0YzVmMGVjOWRmYjhkY2I5Y2Q1ZGEyMjQwYzYyNWRmOCIsInNvY2lhbF9hdXRoX2xhc3RfbG9naW5fYmFja2VuZCI6ImZhY2Vib29rIn0=", "expire_date": "2017-05-06T19:51:54.106Z"}}, {"model": "sessions.session", "pk": "gats06rcorza3yofu01r9d2j0rw00wxq", "fields": {"session_data": "M2ZhZDcwMWU4MTU5YWQ2Y2U2Y2RmNTM1MzE2MDE1M2YxNjNkYThlNjp7ImZhY2Vib29rX3N0YXRlIjoiUTd5d25oODdreWZUUzc5STJNMm5DSFJzaXFCU1A2VEciLCJfYXV0aF91c2VyX2lkIjoiMTUiLCJfYXV0aF91c2VyX2JhY2tlbmQiOiJzb2NpYWxfY29yZS5iYWNrZW5kcy5mYWNlYm9vay5GYWNlYm9va09BdXRoMiIsIl9hdXRoX3VzZXJfaGFzaCI6IjQ2ZmEyYzAyOTg0ZWMzZDg0ZmM3NTg5ZTVhOTYyYjBlYTAwMzg1ZjAiLCJzb2NpYWxfYXV0aF9sYXN0X2xvZ2luX2JhY2tlbmQiOiJmYWNlYm9vayJ9", "expire_date": "2017-05-07T11:45:37.478Z"}}, {"model": "sessions.session", "pk": "guw14cowxss1l1p5mgwp7yzy2mknpwzk", "fields": {"session_data": "NWVhNTc0NmEwNTAyNGJkZDUzZWEyZWYyOWU4YzFmZDA1ZDQ1MzllMjp7ImZhY2Vib29rX3N0YXRlIjoiV1MzS0pvTlJnWlRCTXVBVkxKUmN5UUJQTjhFUEtZU3QifQ==", "expire_date": "2017-05-07T20:02:53.058Z"}}, {"model": "sessions.session", "pk": "hpw9n1qamyrk3c7fd5jfabcckdr2k30b", "fields": {"session_data": "Mjc1OWQ0NDYzMWI3NTA3NTBlODQ4NDc5YjEzZjY1YTE0N2NhNjllZjp7ImZhY2Vib29rX3N0YXRlIjoiOTdlTlZiQklFbThPZzQwVnB2UWszOGN4NFN0ekF1emgiLCJfYXV0aF91c2VyX2lkIjoiMTIiLCJfYXV0aF91c2VyX2JhY2tlbmQiOiJzb2NpYWxfY29yZS5iYWNrZW5kcy5mYWNlYm9vay5GYWNlYm9va09BdXRoMiIsIl9hdXRoX3VzZXJfaGFzaCI6ImY1MTUwNWQ4ZDFhNzQ5NTlhMDBhMmZiMjk1MWFjNDQ0YTYxMjA4NWQiLCJzb2NpYWxfYXV0aF9sYXN0X2xvZ2luX2JhY2tlbmQiOiJmYWNlYm9vayJ9", "expire_date": "2017-05-07T11:46:45.972Z"}}, {"model": "sessions.session", "pk": "hzafykek54fhm8ecjq46h4q65gmrqa8z", "fields": {"session_data": "MDBhY2Q5ZWFmNjZlZWZlMmUwMmVkMjRjYWY3YmI1ZGFlNDBmNzM2Yjp7InR3aXR0ZXJfc3RhdGUiOiJqMW9vNFl6RVV3UXRZWmZFMThIblNLVVgyMUd3c2U1QiIsInR3aXR0ZXJ1bmF1dGhvcml6ZWRfdG9rZW5fbmFtZSI6W10sIl9hdXRoX3VzZXJfaWQiOiIxMyIsIl9hdXRoX3VzZXJfYmFja2VuZCI6InNvY2lhbF9jb3JlLmJhY2tlbmRzLnR3aXR0ZXIuVHdpdHRlck9BdXRoIiwiX2F1dGhfdXNlcl9oYXNoIjoiNzY4ZjQ5M2RmZDFjNjUwM2RlNjEyOGI0MmYzYzExZDVkMjg3ZWFhOSIsInNvY2lhbF9hdXRoX2xhc3RfbG9naW5fYmFja2VuZCI6InR3aXR0ZXIifQ==", "expire_date": "2017-05-07T04:13:20.584Z"}}, {"model": "sessions.session", "pk": "hzdzns1029hvfa5q0mj43isu99fpdm4f", "fields": {"session_data": "Mzk3NjExOTA5MGIzZjg2YjY4ZGI0NzQyOGFjYzczYjI4ODc2MjhiODp7ImZhY2Vib29rX3N0YXRlIjoiaTlhUFFMYVRsNUY0NmdhcDhITndzZTRsQmR0QTJ3ZUcifQ==", "expire_date": "2017-05-16T12:46:40.567Z"}}, {"model": "sessions.session", "pk": "i9vh3gktptyizaukesyaf637abbvjbdy", "fields": {"session_data": "ZDA3NjAyNDM5ZmQwMzkxYzNhZTE0MTdmNTNkZTY3YTY1YTdjOWVjYzp7ImZhY2Vib29rX3N0YXRlIjoiWGJZZkZrTUNCZ0lTcHN4a2RLcEVodG82WFNQdDNYQzkiLCJfYXV0aF91c2VyX2lkIjoiMTciLCJfYXV0aF91c2VyX2JhY2tlbmQiOiJzb2NpYWxfY29yZS5iYWNrZW5kcy5mYWNlYm9vay5GYWNlYm9va09BdXRoMiIsIl9hdXRoX3VzZXJfaGFzaCI6ImRkZDZjNWY4ZDE4NjZhMGU3ZjQ2M2NiZjg5YjliOTUwYjgyZDMwZjMiLCJzb2NpYWxfYXV0aF9sYXN0X2xvZ2luX2JhY2tlbmQiOiJmYWNlYm9vayJ9", "expire_date": "2017-05-15T11:29:26.710Z"}}, {"model": "sessions.session", "pk": "iavs4h6cu4dnz7mo8n0bhfm8u7zr1tna", "fields": {"session_data": "NjM4OTk0OWZmZjQxZTk4ZDU2NDcxMTI2ZjZhMTI1ZmNiN2FlMzBhZTp7InR3aXR0ZXJfc3RhdGUiOiJvNHhoVTRtZ2Z6VXNod1FaTU9nd0x3bEI5ajVSOUZSdiIsInR3aXR0ZXJ1bmF1dGhvcml6ZWRfdG9rZW5fbmFtZSI6W10sIl9hdXRoX3VzZXJfaWQiOiI5IiwiX2F1dGhfdXNlcl9iYWNrZW5kIjoic29jaWFsX2NvcmUuYmFja2VuZHMudHdpdHRlci5Ud2l0dGVyT0F1dGgiLCJfYXV0aF91c2VyX2hhc2giOiI0ODI3YjUwZTNlNzNkZjhlNTMzOTAxY2UwN2RmOGI5MWYxYTRkOTEwIiwic29jaWFsX2F1dGhfbGFzdF9sb2dpbl9iYWNrZW5kIjoidHdpdHRlciJ9", "expire_date": "2017-05-08T08:12:54.964Z"}}, {"model": "sessions.session", "pk": "icypcq6hicdgzwbkdhfkgk6izih0s2j6", "fields": {"session_data": "NzNjMTc4MTg2NDg0NDI4N2U4OWQ1MTU1YTY4NGJhY2NjYjFmMDhiNTp7ImZhY2Vib29rX3N0YXRlIjoicFJPZGlLTnYyRWhpN3Rjb0dtV2ZENktmQ0x4WHNteTUifQ==", "expire_date": "2017-05-06T20:18:02.354Z"}}, {"model": "sessions.session", "pk": "ii0ce2af2any0y0bll94cd1wposv91id", "fields": {"session_data": "ZDNkODA2ZjliYTNkNmU1YTZhYTI4ZTE3YjA3ZDE4YTYxZTE4ZmE3ODp7ImZhY2Vib29rX3N0YXRlIjoiM0paVHVZNkl5ZnpvNXdKa1NEUGM0V3J2bkZRMEVFR2EiLCJfYXV0aF91c2VyX2lkIjoiMTIiLCJfYXV0aF91c2VyX2JhY2tlbmQiOiJzb2NpYWxfY29yZS5iYWNrZW5kcy5mYWNlYm9vay5GYWNlYm9va09BdXRoMiIsIl9hdXRoX3VzZXJfaGFzaCI6ImY1MTUwNWQ4ZDFhNzQ5NTlhMDBhMmZiMjk1MWFjNDQ0YTYxMjA4NWQiLCJzb2NpYWxfYXV0aF9sYXN0X2xvZ2luX2JhY2tlbmQiOiJmYWNlYm9vayJ9", "expire_date": "2017-05-07T11:51:28.782Z"}}, {"model": "sessions.session", "pk": "jbsk8oaky5wouylsjml68f4stuc76i2x", "fields": {"session_data": "ODFiNWI5NDE1NWY4MWU2YTJlYmUwNzRlMzIzYjY2NGQ0ZmU5YjFjMjp7ImZhY2Vib29rX3N0YXRlIjoiaXBEeWFteVlWSHU0eFZvek5KT3Q1RVdZNHl3TGlSMGYiLCJfYXV0aF91c2VyX2lkIjoiMTIiLCJfYXV0aF91c2VyX2JhY2tlbmQiOiJzb2NpYWxfY29yZS5iYWNrZW5kcy5mYWNlYm9vay5GYWNlYm9va09BdXRoMiIsIl9hdXRoX3VzZXJfaGFzaCI6ImY1MTUwNWQ4ZDFhNzQ5NTlhMDBhMmZiMjk1MWFjNDQ0YTYxMjA4NWQiLCJzb2NpYWxfYXV0aF9sYXN0X2xvZ2luX2JhY2tlbmQiOiJmYWNlYm9vayJ9", "expire_date": "2017-05-08T02:41:04.012Z"}}, {"model": "sessions.session", "pk": "jewtsfqh0fvjzhtlug4y4jlo2kvxxkd9", "fields": {"session_data": "ZGI0OGQ4NzIwZmE5YjAyNjYxOGNkOTFlMDZmOWY5NzVjOTg0MGVjMTp7Imdvb2dsZS1vYXV0aDJfc3RhdGUiOiJheEFkVVZ3VVg0QW9lZ1Z5MGV6QkRFVHVNb0QyQ01RdSIsInR3aXR0ZXJfc3RhdGUiOiJjb1A2d2ZhSk13OUFtS0dBMHoxSEtBTW5Lb1F0OUM5TyIsInR3aXR0ZXJ1bmF1dGhvcml6ZWRfdG9rZW5fbmFtZSI6WyJvYXV0aF90b2tlbj0wUmFRRlFBQUFBQUEwUnBaQUFBQlc1YzdaUWMmb2F1dGhfdG9rZW5fc2VjcmV0PUJkOE1YM3pwQXd3aFpSVGpxRzZzMEpESzV1bG1XNlFXJm9hdXRoX2NhbGxiYWNrX2NvbmZpcm1lZD10cnVlIl19", "expire_date": "2017-05-06T19:55:03.838Z"}}, {"model": "sessions.session", "pk": "jk41tvtqtbcx9kx3r3eg3suwxfv704gs", "fields": {"session_data": "NWY1MTU5OGZkOTE0MzE0ZDAxNTdjYTY3YjhhNDVmYWEwYmQ3ZmU0Yzp7ImZhY2Vib29rX3N0YXRlIjoiN0Zic09jTHRob1FUY3A2Q2FPTFZkU0doRjdVb01pWm4iLCJnb29nbGUtb2F1dGgyX3N0YXRlIjoiT1FnUXlXNXJSbGJRQlNoQWRsUlI1SG5uZE9qUW1hZ3AiLCJfYXV0aF91c2VyX2lkIjoiNCIsIl9hdXRoX3VzZXJfYmFja2VuZCI6InNvY2lhbF9jb3JlLmJhY2tlbmRzLmZhY2Vib29rLkZhY2Vib29rT0F1dGgyIiwiX2F1dGhfdXNlcl9oYXNoIjoiZWYwMDI3YmYyNTM0OGFmYTkzZmFiMjkwMGU1YjA5YWNkOWQwZThkNyIsInNvY2lhbF9hdXRoX2xhc3RfbG9naW5fYmFja2VuZCI6ImZhY2Vib29rIn0=", "expire_date": "2017-05-06T19:55:40.808Z"}}, {"model": "sessions.session", "pk": "lra82e37ew70ewwzc9spbrqnjn2434h2", "fields": {"session_data": "NjkxZGUzNjFjMWMxNmJlZWE4YzZlNTVjNWZiMWNlMTVjN2Y2Mzk0OTp7Il9hdXRoX3VzZXJfaGFzaCI6IjQ4MjdiNTBlM2U3M2RmOGU1MzM5MDFjZTA3ZGY4YjkxZjFhNGQ5MTAiLCJfYXV0aF91c2VyX2lkIjoiOSIsInNvY2lhbF9hdXRoX2xhc3RfbG9naW5fYmFja2VuZCI6InR3aXR0ZXIiLCJ0d2l0dGVyX3N0YXRlIjoiZGdUdUxIYmtMcjVXM2thRld4NExyVXBKTWYzUEk2UnIiLCJfYXV0aF91c2VyX2JhY2tlbmQiOiJzb2NpYWxfY29yZS5iYWNrZW5kcy50d2l0dGVyLlR3aXR0ZXJPQXV0aCIsInR3aXR0ZXJ1bmF1dGhvcml6ZWRfdG9rZW5fbmFtZSI6W119", "expire_date": "2017-05-06T23:31:17.447Z"}}, {"model": "sessions.session", "pk": "m7utwlo1q9eyuetxrv8cpcc2xvevt6iz", "fields": {"session_data": "ZDQxNmUwMjI2MDk1N2ZmN2UyOGU5ODU5NDUxNmY4ZjY4ZWZiMTEzNzp7InR3aXR0ZXJfc3RhdGUiOiJWTktzSDIwQnV2YUh5MFFSTnRzUGZFWExQYmhxWVJzYyIsInR3aXR0ZXJ1bmF1dGhvcml6ZWRfdG9rZW5fbmFtZSI6WyJvYXV0aF90b2tlbj01dDVNeFFBQUFBQUEwUnBaQUFBQlc5U29BV0kmb2F1dGhfdG9rZW5fc2VjcmV0PU12cXVvdzAzWkdjZE10eEFDYXJKSFg1cmxRaGkyUWwwJm9hdXRoX2NhbGxiYWNrX2NvbmZpcm1lZD10cnVlIl19", "expire_date": "2017-05-18T18:10:32.032Z"}}, {"model": "sessions.session", "pk": "ma1srbk2oqxx7p01vpl6el1t426v4jmt", "fields": {"session_data": "ZWEzM2IwYzNhNjE5NTQ5NGVkNjYyNzk4MjU0YmNlNGU0NTczNmNlYTp7ImZhY2Vib29rX3N0YXRlIjoiNThvRzZVY2hiYWFNYXZ1THlmUUhjM1JDU1plSmVSaDMiLCJfYXV0aF91c2VyX2lkIjoiNSIsIl9hdXRoX3VzZXJfYmFja2VuZCI6InNvY2lhbF9jb3JlLmJhY2tlbmRzLmZhY2Vib29rLkZhY2Vib29rT0F1dGgyIiwiX2F1dGhfdXNlcl9oYXNoIjoiZDU4MDlmNDUwMjAxZTQ5M2RmM2ZlY2M4ZjhiMDJlZTRhMjUyZWFkYiIsInNvY2lhbF9hdXRoX2xhc3RfbG9naW5fYmFja2VuZCI6ImZhY2Vib29rIn0=", "expire_date": "2017-05-06T19:56:59.145Z"}}, {"model": "sessions.session", "pk": "mbuk549eznq5qzwsiq4va62g5ypjm4lz", "fields": {"session_data": "NTI1OGM1YzQ5N2JmMDVhYzhmY2QzNGE2MTFiNDhiYWFkOTUwZmVhYzp7ImZhY2Vib29rX3N0YXRlIjoiazVEWFRSVVhqTmo4dkV6c3M5d3FZUnhUUHBPbkt2amkiLCJfYXV0aF91c2VyX2lkIjoiMSIsIl9hdXRoX3VzZXJfYmFja2VuZCI6InNvY2lhbF9jb3JlLmJhY2tlbmRzLmZhY2Vib29rLkZhY2Vib29rT0F1dGgyIiwiX2F1dGhfdXNlcl9oYXNoIjoiYzNmYWZkZDQ0YzVmMGVjOWRmYjhkY2I5Y2Q1ZGEyMjQwYzYyNWRmOCIsInNvY2lhbF9hdXRoX2xhc3RfbG9naW5fYmFja2VuZCI6ImZhY2Vib29rIn0=", "expire_date": "2017-05-06T20:03:44.006Z"}}, {"model": "sessions.session", "pk": "mhin3ozniik2q4rr5qgzssbil340bryi", "fields": {"session_data": "OThhOGI2OTEzZDQwYmY2MGQ2ZmZmOWRiNzBmNjNlY2JiOTBiMTg5OTp7ImZhY2Vib29rX3N0YXRlIjoiM1gyVDQxbEFLbmhyUG5mUzgyb3pQSnJERG9MdlpSRk8ifQ==", "expire_date": "2017-05-07T03:08:38.632Z"}}, {"model": "sessions.session", "pk": "nt428ich1fkqdvbq7h3od44mw6zm9grp", "fields": {"session_data": "ODQwZDk5NDEzMGE3YTg2NjYxMWRmZTQ1MTQxZjkxZDZlNzM0ZGJjNTp7InR3aXR0ZXJfc3RhdGUiOiJwTk9HOWpwT2dRdG1kWGZaWnNOMEF2VVBsWkhJRmZQRCIsInR3aXR0ZXJ1bmF1dGhvcml6ZWRfdG9rZW5fbmFtZSI6WyJvYXV0aF90b2tlbj1WZC1TX3dBQUFBQUEwUnBaQUFBQlc3QjhiSzQmb2F1dGhfdG9rZW5fc2VjcmV0PUsyRFFtNURQdFRjUXhVMlNIcU5JeWRmNU1paEdJQkl6Jm9hdXRoX2NhbGxiYWNrX2NvbmZpcm1lZD10cnVlIl19", "expire_date": "2017-05-11T17:36:36.053Z"}}, {"model": "sessions.session", "pk": "ntd2kx3w1g5nk671vbkdziyviikl4o7x", "fields": {"session_data": "ZWM3MzhlZGNkMDA1YjlhNzdlNTMyZGE4Yjg0ZTFkYjkyNjAxZTJjZDp7ImZhY2Vib29rX3N0YXRlIjoicDZCYWd1NE02QVhDT3hlTW9lZmw3WFNseTlwTXhHUmoiLCJfYXV0aF91c2VyX2lkIjoiMyIsIl9hdXRoX3VzZXJfYmFja2VuZCI6InNvY2lhbF9jb3JlLmJhY2tlbmRzLmZhY2Vib29rLkZhY2Vib29rT0F1dGgyIiwiX2F1dGhfdXNlcl9oYXNoIjoiZjFjODAyNTAwOTAwODgwOTI0YjkwNjM0ZjI4NDE3MTBiZTliMTI5NiIsInNvY2lhbF9hdXRoX2xhc3RfbG9naW5fYmFja2VuZCI6ImZhY2Vib29rIn0=", "expire_date": "2017-05-06T19:54:42.476Z"}}, {"model": "sessions.session", "pk": "ntgd6c4tv4nvtcc0djc3j1tyzw5ayzh7", "fields": {"session_data": "Yzg1ZTJjMWI2MzhhYTk3ZDhmNGE5MGFjN2I5MzRkY2M4M2M1NTIyZTp7ImZhY2Vib29rX3N0YXRlIjoiaDRybXdmTkp2OFF6M0VKS0lCVFZVbGd6TzJQQ3lSNUkiLCJfYXV0aF91c2VyX2lkIjoiMSIsIl9hdXRoX3VzZXJfYmFja2VuZCI6InNvY2lhbF9jb3JlLmJhY2tlbmRzLmZhY2Vib29rLkZhY2Vib29rT0F1dGgyIiwiX2F1dGhfdXNlcl9oYXNoIjoiYzNmYWZkZDQ0YzVmMGVjOWRmYjhkY2I5Y2Q1ZGEyMjQwYzYyNWRmOCIsInNvY2lhbF9hdXRoX2xhc3RfbG9naW5fYmFja2VuZCI6ImZhY2Vib29rIn0=", "expire_date": "2017-05-07T00:00:57.228Z"}}, {"model": "sessions.session", "pk": "nucu62e41zc04np9i3rpsmtqv9jnh3m1", "fields": {"session_data": "ODRlYjhmN2M3OGYxYTNiMzI3MTFjOTE4YWFhZTVlY2ZmNWU2NGZjODp7InR3aXR0ZXJfc3RhdGUiOiJhMXpIMUl4YWZNSDY0RlRPYUZsdFUyNTZ4SUZZbXJITyIsInR3aXR0ZXJ1bmF1dGhvcml6ZWRfdG9rZW5fbmFtZSI6WyJvYXV0aF90b2tlbj1MeDBKeVFBQUFBQUEwUnBaQUFBQlc1ZFpKRlUmb2F1dGhfdG9rZW5fc2VjcmV0PUF5Qm9hYXByOXUyOFhXc3FXNWhBMGlzUnN0Vkg5VWlrJm9hdXRoX2NhbGxiYWNrX2NvbmZpcm1lZD10cnVlIl0sIl9hdXRoX3VzZXJfaWQiOiI4IiwiX2F1dGhfdXNlcl9iYWNrZW5kIjoic29jaWFsX2NvcmUuYmFja2VuZHMudHdpdHRlci5Ud2l0dGVyT0F1dGgiLCJfYXV0aF91c2VyX2hhc2giOiIxOWI1YjMxZTFmZDk4YjQ5ZmMyNjhkNjVhN2FiNjNmOWVhYTI2NzI2Iiwic29jaWFsX2F1dGhfbGFzdF9sb2dpbl9iYWNrZW5kIjoidHdpdHRlciJ9", "expire_date": "2017-05-06T21:07:42.784Z"}}, {"model": "sessions.session", "pk": "p9avkok2tv8qjhsaq06wixs7frwvrem7", "fields": {"session_data": "MTUyYjg1ZjUzMmJkZDI5NWZlMGNmNDRjZDhjNmQ1OTg2MmRiNzU2Mzp7ImZhY2Vib29rX3N0YXRlIjoiaTNDbGhPR014ZmRhVlRDcWdBM3hGVVc3dFpKM3lUemEifQ==", "expire_date": "2017-05-09T12:24:55.820Z"}}, {"model": "sessions.session", "pk": "pb00cfs3ma3u0yegexj09jdan516mwmf", "fields": {"session_data": "YmNiNjE1NGY4YTM1YjliNWZhMzk0NWVkNjA3YjQ4Y2Y3MmZiODFiMTp7ImZhY2Vib29rX3N0YXRlIjoidGJuQXltM1l2a0VialN4dEhYdWdVcTBJSGxjYm9neTkiLCJfYXV0aF91c2VyX2lkIjoiMSIsIl9hdXRoX3VzZXJfYmFja2VuZCI6InNvY2lhbF9jb3JlLmJhY2tlbmRzLmZhY2Vib29rLkZhY2Vib29rT0F1dGgyIiwiX2F1dGhfdXNlcl9oYXNoIjoiYzNmYWZkZDQ0YzVmMGVjOWRmYjhkY2I5Y2Q1ZGEyMjQwYzYyNWRmOCIsInNvY2lhbF9hdXRoX2xhc3RfbG9naW5fYmFja2VuZCI6ImZhY2Vib29rIn0=", "expire_date": "2017-05-07T14:48:00.723Z"}}, {"model": "sessions.session", "pk": "pcuajw48zkfrprovb1faqw52toniezf1", "fields": {"session_data": "ZDk3ZTFjYTQwMTU1Y2RjMWViNjk2M2JmMWNkYTZhNmMyODgxMDVhMTp7InR3aXR0ZXJfc3RhdGUiOiJLVTA5RVU3WkFRSlRHc0JZY09QYU5OeVpSUm9ocUNOOCIsInR3aXR0ZXJ1bmF1dGhvcml6ZWRfdG9rZW5fbmFtZSI6WyJvYXV0aF90b2tlbj1uLVc4aVFBQUFBQUEwUnBaQUFBQlc3cWJSdHMmb2F1dGhfdG9rZW5fc2VjcmV0PW04QnJ2dVVnbGJyYXZuNVJIUmhIaUFKckN1QVBCZ0ZRJm9hdXRoX2NhbGxiYWNrX2NvbmZpcm1lZD10cnVlIl19", "expire_date": "2017-05-13T16:46:30.149Z"}}, {"model": "sessions.session", "pk": "pdfkzybr59ej0hiv4lf996eysjwica7j", "fields": {"session_data": "NGMyMDEzMmRlYjBkZTJlMjQyYzRkN2Y0YjZiYmIxNDFhMGM5Y2QxYzp7InR3aXR0ZXJfc3RhdGUiOiI2VEFpd1V3c0hDZVJ0UHdYeHV6TkdldDU1b0ZxT2JTZiIsInR3aXR0ZXJ1bmF1dGhvcml6ZWRfdG9rZW5fbmFtZSI6WyJvYXV0aF90b2tlbj1QVWtRVlFBQUFBQUEwUnBaQUFBQlc3X19xbnMmb2F1dGhfdG9rZW5fc2VjcmV0PWcxSnFFYVJ5V2pVZjRiaWU1bGUwTHRPRVpZeHZ3TUlXJm9hdXRoX2NhbGxiYWNrX2NvbmZpcm1lZD10cnVlIl19", "expire_date": "2017-05-14T17:54:15.329Z"}}, {"model": "sessions.session", "pk": "pyqghjvyau5kqp6tatmljt0mapslqktf", "fields": {"session_data": "ZDNhOGI5Njc1MWE1NWVhMTIzMzFjZWRiYmJhOTcwMTU3NmY3ZWMyMzp7ImZhY2Vib29rX3N0YXRlIjoiQ2tuZEt2aW5xdU55NDhpeVYzZHowWDJ0RDFQdFk5R3oifQ==", "expire_date": "2017-05-07T23:24:21.952Z"}}, {"model": "sessions.session", "pk": "pz6sqo0xgwglvnnila1stauyq8dt8ge7", "fields": {"session_data": "MzJiM2ExZTY4YjRlZmY2M2RkMjJiZTAxOGQxYTg1YWM2YWY5ZWM2Yjp7ImZhY2Vib29rX3N0YXRlIjoiMXkzTlVURGVySGdMVWt4dW5LSGtnTlZqTkQ5Q09Pb0MiLCJfYXV0aF91c2VyX2lkIjoiMTQiLCJfYXV0aF91c2VyX2JhY2tlbmQiOiJzb2NpYWxfY29yZS5iYWNrZW5kcy5mYWNlYm9vay5GYWNlYm9va09BdXRoMiIsIl9hdXRoX3VzZXJfaGFzaCI6ImI1NDliNTZmYmM0MTczZTQxZmUzNjIyYTJmOWNkMDcxYTI2M2Y5YjIiLCJzb2NpYWxfYXV0aF9sYXN0X2xvZ2luX2JhY2tlbmQiOiJmYWNlYm9vayJ9", "expire_date": "2017-05-07T07:46:10.477Z"}}, {"model": "sessions.session", "pk": "q7h6kltvmvblpvradrtkzxi09ompxk4p", "fields": {"session_data": "NThlODg1ZWM2MTVlOGQzYmJkYTVmNjJmNWE5NTM0MjFiNGIzYWE2Mjp7ImZhY2Vib29rX3N0YXRlIjoiSFlHOGViSXVsREVNSnNUZmhZTlpXODROb21NUjFtSGoiLCJfYXV0aF91c2VyX2lkIjoiMTUiLCJfYXV0aF91c2VyX2JhY2tlbmQiOiJzb2NpYWxfY29yZS5iYWNrZW5kcy5mYWNlYm9vay5GYWNlYm9va09BdXRoMiIsIl9hdXRoX3VzZXJfaGFzaCI6IjQ2ZmEyYzAyOTg0ZWMzZDg0ZmM3NTg5ZTVhOTYyYjBlYTAwMzg1ZjAiLCJzb2NpYWxfYXV0aF9sYXN0X2xvZ2luX2JhY2tlbmQiOiJmYWNlYm9vayJ9", "expire_date": "2017-05-10T19:04:29.752Z"}}, {"model": "sessions.session", "pk": "qddgkygjzw38hjz9qgd9wn5to0zi7pji", "fields": {"session_data": "ZDMyNDRhYjEzYjExNTk4YjllOWY0NzdiOTNhYjVmMmUxNjA0ZDA3Zjp7ImZhY2Vib29rX3N0YXRlIjoiWFN3WFlUMnlManVXTERHRDcyRU9mb3FDSk52SENMQkwiLCJnb29nbGUtb2F1dGgyX3N0YXRlIjoieEh2VkZIVmFxaWdjN095czRRTDJRQ1Y1dkp3azkxOEYifQ==", "expire_date": "2017-05-06T19:53:09.241Z"}}, {"model": "sessions.session", "pk": "qh5bbqei2t3fd8uf4glp5hfsqdao4mw7", "fields": {"session_data": "OTM5OWI3NzIzZTM1ZDhhZmRiNzMwZjdkZjMzOTEwNGQwNWNlNDdkMzp7ImZhY2Vib29rX3N0YXRlIjoiVHVVSWxwZnViaDUzSkxHd3NBUFpRanRrQjdTOEs4TTIiLCJfYXV0aF91c2VyX2lkIjoiMTIiLCJfYXV0aF91c2VyX2JhY2tlbmQiOiJzb2NpYWxfY29yZS5iYWNrZW5kcy5mYWNlYm9vay5GYWNlYm9va09BdXRoMiIsIl9hdXRoX3VzZXJfaGFzaCI6ImY1MTUwNWQ4ZDFhNzQ5NTlhMDBhMmZiMjk1MWFjNDQ0YTYxMjA4NWQiLCJzb2NpYWxfYXV0aF9sYXN0X2xvZ2luX2JhY2tlbmQiOiJmYWNlYm9vayJ9", "expire_date": "2017-05-07T04:12:27.642Z"}}, {"model": "sessions.session", "pk": "qpu7eosea298bbe5muwdw6mj1chueyrm", "fields": {"session_data": "Y2NkYzQ4YTE0ZGQ0YjVlZjZlNDczNTQ1MjIzMTc1NjhiMzRiZmY4ZDp7ImZhY2Vib29rX3N0YXRlIjoiQ1JiZFRld09raEhtaXkxYUwxUTM3RWl0MmlDNW9RNmciLCJfYXV0aF91c2VyX2lkIjoiNiIsIl9hdXRoX3VzZXJfYmFja2VuZCI6InNvY2lhbF9jb3JlLmJhY2tlbmRzLmZhY2Vib29rLkZhY2Vib29rT0F1dGgyIiwiX2F1dGhfdXNlcl9oYXNoIjoiNGI2MTIwZjRjOTEzOWRiMzAwZWUxMDUzNGI5NTJjNDRhZjFhYTg4YiIsInNvY2lhbF9hdXRoX2xhc3RfbG9naW5fYmFja2VuZCI6ImZhY2Vib29rIn0=", "expire_date": "2017-05-06T20:05:55.686Z"}}, {"model": "sessions.session", "pk": "qso5mytrq82jd0sqo110slz6uzd4cwfr", "fields": {"session_data": "Y2FmNjBhZTJmYmU0MDlmODEyNzdlMmE2NzdmMmZhN2UxOGZiYzk5Mjp7InR3aXR0ZXJfc3RhdGUiOiJGMXhDWXJxUzBBWlZTdFM0elZEUGZWTlRuUGRqaE5TZyIsInR3aXR0ZXJ1bmF1dGhvcml6ZWRfdG9rZW5fbmFtZSI6WyJvYXV0aF90b2tlbj1tRkJjYmdBQUFBQUEwUnBaQUFBQlc3a2JqYlEmb2F1dGhfdG9rZW5fc2VjcmV0PVhkV3Q2S3FlbGZPZzc5cFM3V3FaZmg4VVAzcEJ4STRlJm9hdXRoX2NhbGxiYWNrX2NvbmZpcm1lZD10cnVlIl19", "expire_date": "2017-05-13T09:47:22.456Z"}}, {"model": "sessions.session", "pk": "qspjr7w1in4ejw9reot3j0lleycw6z5c", "fields": {"session_data": "MWNlYzM2MThkOGZhMzU0ZDUyYjEzZTdkMDhkZjhkYjc0YzlkZjRiMTp7ImZhY2Vib29rX3N0YXRlIjoieDBKd0E5NjVTem9HZ3VRamE3TVZKOW9MQk9pb0M0dHMiLCJfYXV0aF91c2VyX2lkIjoiMSIsIl9hdXRoX3VzZXJfYmFja2VuZCI6InNvY2lhbF9jb3JlLmJhY2tlbmRzLmZhY2Vib29rLkZhY2Vib29rT0F1dGgyIiwiX2F1dGhfdXNlcl9oYXNoIjoiYzNmYWZkZDQ0YzVmMGVjOWRmYjhkY2I5Y2Q1ZGEyMjQwYzYyNWRmOCIsInNvY2lhbF9hdXRoX2xhc3RfbG9naW5fYmFja2VuZCI6ImZhY2Vib29rIn0=", "expire_date": "2017-05-23T08:14:37.539Z"}}, {"model": "sessions.session", "pk": "quxgk0s7lqylrnrp25fvljytdty792ni", "fields": {"session_data": "ZDRiNGRkMDFjYjI0N2I1ZmQzOTdjZjJiMmM0NDAyNGVlZjU5ZTI2Yzp7ImZhY2Vib29rX3N0YXRlIjoiMXFNWkF1aEdteGdHbXZIQmVlTzRGZDE2RmNpTVBtTDIiLCJfYXV0aF91c2VyX2lkIjoiMiIsIl9hdXRoX3VzZXJfYmFja2VuZCI6InNvY2lhbF9jb3JlLmJhY2tlbmRzLmZhY2Vib29rLkZhY2Vib29rT0F1dGgyIiwiX2F1dGhfdXNlcl9oYXNoIjoiZjQyNTZmNTU0ZDQ3ZGRlOWI5Y2M2YmEzNWE3NTVmMDA2MDc3OGJiYiIsInNvY2lhbF9hdXRoX2xhc3RfbG9naW5fYmFja2VuZCI6ImZhY2Vib29rIn0=", "expire_date": "2017-05-06T19:55:29.703Z"}}, {"model": "sessions.session", "pk": "r5g642t6eidsxfq7gdafc9k65rhv15b2", "fields": {"session_data": "NDY2MDczMzUxMThjNTgyYTY2NzliZDMxY2QxMGNkYjc3MTgzYTYwYzp7ImZhY2Vib29rX3N0YXRlIjoiSHpiUW54WmhieUxBTlFRVUlPTkVVODA3V0g4Q3p5U0wifQ==", "expire_date": "2017-05-07T17:19:58.657Z"}}, {"model": "sessions.session", "pk": "u4it1gfz7ffp8kxjra3eqbtckj3ed3b6", "fields": {"session_data": "YzE5YzA5YTZlMGY5MDgxMjNlMzg1YzBlZGEwZmY1MWE0YWQ5YzgwNTp7InR3aXR0ZXJfc3RhdGUiOiJXeWhqeW5xcDBvYW56TFNZbWtwR1RNYk9lbVZ0ckV3bSIsInR3aXR0ZXJ1bmF1dGhvcml6ZWRfdG9rZW5fbmFtZSI6WyJvYXV0aF90b2tlbj1JdkRES3dBQUFBQUEwUnBaQUFBQlc1ZDZ2Z3cmb2F1dGhfdG9rZW5fc2VjcmV0PW80TU44alZJTmQybjhCT1hWcm9paE54aEh2OHJacjFZJm9hdXRoX2NhbGxiYWNrX2NvbmZpcm1lZD10cnVlIl19", "expire_date": "2017-05-06T21:04:15.409Z"}}, {"model": "sessions.session", "pk": "v5sqpg6t0imoexmagd4fznz21psa6t3g", "fields": {"session_data": "MjRkMzZhZGUxZTkwNjhkODdkY2Q2Y2NkMDM2NjY2MGM1MmM2OGI5YTp7ImZhY2Vib29rX3N0YXRlIjoiUVVvZjlvVHBhQ0FwZEw0dHQ5SGR3cEl6dzliVUd6UEkiLCJfYXV0aF91c2VyX2lkIjoiNyIsIl9hdXRoX3VzZXJfYmFja2VuZCI6InNvY2lhbF9jb3JlLmJhY2tlbmRzLmZhY2Vib29rLkZhY2Vib29rT0F1dGgyIiwiX2F1dGhfdXNlcl9oYXNoIjoiZDI3YmMzZGEzMjQzMWE4MmM2NzI4OWI2MTdlZTNmZTViYzBkNWY5MyIsInNvY2lhbF9hdXRoX2xhc3RfbG9naW5fYmFja2VuZCI6ImZhY2Vib29rIn0=", "expire_date": "2017-05-06T21:05:31.437Z"}}, {"model": "sessions.session", "pk": "vf16u7whlcdf18z6vprmsv0msix60z53", "fields": {"session_data": "ZWRhYmNhZGMxYWU1ZDEwOWIzMGUwMmJiODczZjBhNzFlNTZjYTAwZTp7ImZhY2Vib29rX3N0YXRlIjoiMmN1ZmNaYW9mQ0xSTGpyNUNncEljeFRrbzQzQzRyRHoiLCJfYXV0aF91c2VyX2lkIjoiMTIiLCJfYXV0aF91c2VyX2JhY2tlbmQiOiJzb2NpYWxfY29yZS5iYWNrZW5kcy5mYWNlYm9vay5GYWNlYm9va09BdXRoMiIsIl9hdXRoX3VzZXJfaGFzaCI6ImY1MTUwNWQ4ZDFhNzQ5NTlhMDBhMmZiMjk1MWFjNDQ0YTYxMjA4NWQiLCJzb2NpYWxfYXV0aF9sYXN0X2xvZ2luX2JhY2tlbmQiOiJmYWNlYm9vayJ9", "expire_date": "2017-05-07T11:46:28.231Z"}}, {"model": "sessions.session", "pk": "xsnuovaz7ao08rrlgbip4rfsic885ngc", "fields": {"session_data": "ZDM2ODA4YWNhY2I3OWQzZjZhZmNmYWVjZjM3YWIxZTMyODQ3MzBiNTp7ImZhY2Vib29rX3N0YXRlIjoiTE40STRoeDZwUlpPbjdHdDI0Um1NcWlvZEtKSUJkSzQiLCJfYXV0aF91c2VyX2lkIjoiMSIsIl9hdXRoX3VzZXJfYmFja2VuZCI6InNvY2lhbF9jb3JlLmJhY2tlbmRzLmZhY2Vib29rLkZhY2Vib29rT0F1dGgyIiwiX2F1dGhfdXNlcl9oYXNoIjoiYzNmYWZkZDQ0YzVmMGVjOWRmYjhkY2I5Y2Q1ZGEyMjQwYzYyNWRmOCIsInNvY2lhbF9hdXRoX2xhc3RfbG9naW5fYmFja2VuZCI6ImZhY2Vib29rIn0=", "expire_date": "2017-05-22T20:02:06.754Z"}}, {"model": "sessions.session", "pk": "youfg1r2tswr1jf6vsph1hia9nmnca6x", "fields": {"session_data": "N2Y4NzQ5NWNiZDk2YTg3ZmU4YjJmYTc3MDJkYTc4YzkyYzFmNWVlNTp7InR3aXR0ZXJfc3RhdGUiOiJTNTY4c3ZWa3REd3lFS2JHZnVJaHQzTTlJaDFzQmlhTSIsInR3aXR0ZXJ1bmF1dGhvcml6ZWRfdG9rZW5fbmFtZSI6WyJvYXV0aF90b2tlbj1GSXY4MUFBQUFBQUEwUnBaQUFBQlc4dTdnZVUmb2F1dGhfdG9rZW5fc2VjcmV0PTE3bXc2TlkwWURSRmlJTUY4YnBEbTlhZHBaOHU0eDhCJm9hdXRoX2NhbGxiYWNrX2NvbmZpcm1lZD10cnVlIl19", "expire_date": "2017-05-17T00:35:15.120Z"}}, {"model": "sessions.session", "pk": "zvx5sd8bjktfrdh8ugw8hki0gxlo5f6d", "fields": {"session_data": "MmUzMWZkODQyNmY2MDdmZjcwNzA2YWEzN2YzZTEwNzBmYjY0OGY4NDp7InR3aXR0ZXJfc3RhdGUiOiJYQmI3ejJKQVFPOUdIYlFxSWJjanpZS3hxcm91Ylc2WiIsInR3aXR0ZXJ1bmF1dGhvcml6ZWRfdG9rZW5fbmFtZSI6WyJvYXV0aF90b2tlbj1JZ2NSTHdBQUFBQUEwUnBaQUFBQlc1ZG9mTWcmb2F1dGhfdG9rZW5fc2VjcmV0PXNBNmpyOGlEU092MFhrbUlaZk5DeW1OdEhPZUI4VzA5Jm9hdXRoX2NhbGxiYWNrX2NvbmZpcm1lZD10cnVlIl19", "expire_date": "2017-05-06T20:44:19.055Z"}}, {"model": "auth.permission", "pk": 1, "fields": {"name": "Can add log entry", "content_type": 1, "codename": "add_logentry"}}, {"model": "auth.permission", "pk": 2, "fields": {"name": "Can change log entry", "content_type": 1, "codename": "change_logentry"}}, {"model": "auth.permission", "pk": 3, "fields": {"name": "Can delete log entry", "content_type": 1, "codename": "delete_logentry"}}, {"model": "auth.permission", "pk": 4, "fields": {"name": "Can add permission", "content_type": 2, "codename": "add_permission"}}, {"model": "auth.permission", "pk": 5, "fields": {"name": "Can change permission", "content_type": 2, "codename": "change_permission"}}, {"model": "auth.permission", "pk": 6, "fields": {"name": "Can delete permission", "content_type": 2, "codename": "delete_permission"}}, {"model": "auth.permission", "pk": 7, "fields": {"name": "Can add group", "content_type": 3, "codename": "add_group"}}, {"model": "auth.permission", "pk": 8, "fields": {"name": "Can change group", "content_type": 3, "codename": "change_group"}}, {"model": "auth.permission", "pk": 9, "fields": {"name": "Can delete group", "content_type": 3, "codename": "delete_group"}}, {"model": "auth.permission", "pk": 10, "fields": {"name": "Can add user", "content_type": 4, "codename": "add_user"}}, {"model": "auth.permission", "pk": 11, "fields": {"name": "Can change user", "content_type": 4, "codename": "change_user"}}, {"model": "auth.permission", "pk": 12, "fields": {"name": "Can delete user", "content_type": 4, "codename": "delete_user"}}, {"model": "auth.permission", "pk": 13, "fields": {"name": "Can add content type", "content_type": 5, "codename": "add_contenttype"}}, {"model": "auth.permission", "pk": 14, "fields": {"name": "Can change content type", "content_type": 5, "codename": "change_contenttype"}}, {"model": "auth.permission", "pk": 15, "fields": {"name": "Can delete content type", "content_type": 5, "codename": "delete_contenttype"}}, {"model": "auth.permission", "pk": 16, "fields": {"name": "Can add session", "content_type": 6, "codename": "add_session"}}, {"model": "auth.permission", "pk": 17, "fields": {"name": "Can change session", "content_type": 6, "codename": "change_session"}}, {"model": "auth.permission", "pk": 18, "fields": {"name": "Can delete session", "content_type": 6, "codename": "delete_session"}}, {"model": "auth.permission", "pk": 19, "fields": {"name": "Can add nonce", "content_type": 7, "codename": "add_nonce"}}, {"model": "auth.permission", "pk": 20, "fields": {"name": "Can change nonce", "content_type": 7, "codename": "change_nonce"}}, {"model": "auth.permission", "pk": 21, "fields": {"name": "Can delete nonce", "content_type": 7, "codename": "delete_nonce"}}, {"model": "auth.permission", "pk": 22, "fields": {"name": "Can add partial", "content_type": 8, "codename": "add_partial"}}, {"model": "auth.permission", "pk": 23, "fields": {"name": "Can change partial", "content_type": 8, "codename": "change_partial"}}, {"model": "auth.permission", "pk": 24, "fields": {"name": "Can delete partial", "content_type": 8, "codename": "delete_partial"}}, {"model": "auth.permission", "pk": 25, "fields": {"name": "Can add association", "content_type": 9, "codename": "add_association"}}, {"model": "auth.permission", "pk": 26, "fields": {"name": "Can change association", "content_type": 9, "codename": "change_association"}}, {"model": "auth.permission", "pk": 27, "fields": {"name": "Can delete association", "content_type": 9, "codename": "delete_association"}}, {"model": "auth.permission", "pk": 28, "fields": {"name": "Can add user social auth", "content_type": 10, "codename": "add_usersocialauth"}}, {"model": "auth.permission", "pk": 29, "fields": {"name": "Can change user social auth", "content_type": 10, "codename": "change_usersocialauth"}}, {"model": "auth.permission", "pk": 30, "fields": {"name": "Can delete user social auth", "content_type": 10, "codename": "delete_usersocialauth"}}, {"model": "auth.permission", "pk": 31, "fields": {"name": "Can add code", "content_type": 11, "codename": "add_code"}}, {"model": "auth.permission", "pk": 32, "fields": {"name": "Can change code", "content_type": 11, "codename": "change_code"}}, {"model": "auth.permission", "pk": 33, "fields": {"name": "Can delete code", "content_type": 11, "codename": "delete_code"}}, {"model": "auth.permission", "pk": 34, "fields": {"name": "Can add complaint", "content_type": 12, "codename": "add_complaint"}}, {"model": "auth.permission", "pk": 35, "fields": {"name": "Can change complaint", "content_type": 12, "codename": "change_complaint"}}, {"model": "auth.permission", "pk": 36, "fields": {"name": "Can delete complaint", "content_type": 12, "codename": "delete_complaint"}}, {"model": "auth.permission", "pk": 37, "fields": {"name": "Can add comments", "content_type": 13, "codename": "add_comments"}}, {"model": "auth.permission", "pk": 38, "fields": {"name": "Can change comments", "content_type": 13, "codename": "change_comments"}}, {"model": "auth.permission", "pk": 39, "fields": {"name": "Can delete comments", "content_type": 13, "codename": "delete_comments"}}, {"model": "auth.permission", "pk": 40, "fields": {"name": "Can add comment", "content_type": 13, "codename": "add_comment"}}, {"model": "auth.permission", "pk": 41, "fields": {"name": "Can change comment", "content_type": 13, "codename": "change_comment"}}, {"model": "auth.permission", "pk": 42, "fields": {"name": "Can delete comment", "content_type": 13, "codename": "delete_comment"}}, {"model": "auth.user", "pk": 1, "fields": {"password": "!ZW9GEPkkNqkM9k5Cdoyap61lR72pZJoyqko3p5h0", "last_login": "2017-05-09T08:14:37.531Z", "is_superuser": true, "username": "ObiUchennaDavid", "first_name": "Obi", "last_name": "Uchenna David", "email": "", "is_staff": true, "is_active": true, "date_joined": "2017-04-22T19:51:54.062Z", "groups": [], "user_permissions": []}}, {"model": "auth.user", "pk": 2, "fields": {"password": "!7XAu40gMMTHgK6VPdcN4RAGS0xYB2uhNdVQoLhG8", "last_login": "2017-04-22T19:55:29.699Z", "is_superuser": false, "username": "HephzyOyindah", "first_name": "Hephzy", "last_name": "Oyindah", "email": "", "is_staff": false, "is_active": true, "date_joined": "2017-04-22T19:52:54.607Z", "groups": [], "user_permissions": []}}, {"model": "auth.user", "pk": 3, "fields": {"password": "!FVdaPprnmTO1tr0JFmMK4t1vWG29IF8wTJ1NHHms", "last_login": "2017-04-22T19:54:42.471Z", "is_superuser": false, "username": "WuraolaTosinAtinuke", "first_name": "Wuraola", "last_name": "Tosin Atinuke", "email": "", "is_staff": false, "is_active": true, "date_joined": "2017-04-22T19:54:42.441Z", "groups": [], "user_permissions": []}}, {"model": "auth.user", "pk": 4, "fields": {"password": "!jzVBgwnnUNJ3FaHEdHBoRSyYUFYguizjeoshADRk", "last_login": "2017-05-09T02:39:25.320Z", "is_superuser": false, "username": "AbiodunChrisAjewole", "first_name": "Abiodun", "last_name": "Chris Ajewole", "email": "", "is_staff": false, "is_active": true, "date_joined": "2017-04-22T19:55:40.777Z", "groups": [], "user_permissions": []}}, {"model": "auth.user", "pk": 5, "fields": {"password": "!DexTKOiKD3mDzb0KmkK73PJYpMkNjKCj4Senmzlz", "last_login": "2017-04-22T19:56:59.140Z", "is_superuser": false, "username": "ToluwalemiOluwadare", "first_name": "Toluwalemi", "last_name": "Oluwadare", "email": "", "is_staff": false, "is_active": true, "date_joined": "2017-04-22T19:56:59.117Z", "groups": [], "user_permissions": []}}, {"model": "auth.user", "pk": 6, "fields": {"password": "!B7YSEqkD2xT9lUiUyv8Pb1qCoMKCrLrme84RaoRg", "last_login": "2017-04-22T20:05:55.667Z", "is_superuser": false, "username": "ObikoyaIbiniyiEmmanuel", "first_name": "Obikoya", "last_name": "Ibiniyi Emmanuel", "email": "", "is_staff": false, "is_active": true, "date_joined": "2017-04-22T20:05:55.548Z", "groups": [], "user_permissions": []}}, {"model": "auth.user", "pk": 7, "fields": {"password": "!WTpHz33dHZB8gUrA09hRfUaaZBVbSW4SoAqrfm1Y", "last_login": "2017-04-22T21:05:32.065Z", "is_superuser": false, "username": "Vah-nessaItunuolaTosho", "first_name": "Vah-nessa", "last_name": "Itunuola Tosho", "email": "", "is_staff": false, "is_active": true, "date_joined": "2017-04-22T21:02:52.058Z", "groups": [], "user_permissions": []}}, {"model": "auth.user", "pk": 8, "fields": {"password": "!AXSRstyWyTvfPOfYWVJ3xAIYNoIWUTzdI7g3fcNP", "last_login": "2017-04-22T21:07:42.779Z", "is_superuser": false, "username": "StudioTobs", "first_name": "Tobs", "last_name": "Studio", "email": "", "is_staff": false, "is_active": true, "date_joined": "2017-04-22T21:07:42.748Z", "groups": [], "user_permissions": []}}, {"model": "auth.user", "pk": 9, "fields": {"password": "!YVDMaK90KJc85refvec8dTzYxFY0BcGr8jgmogFs", "last_login": "2017-04-24T08:12:54.960Z", "is_superuser": false, "username": "othreecodes", "first_name": "TheBoyNamedMe", "last_name": "", "email": "", "is_staff": false, "is_active": true, "date_joined": "2017-04-22T23:31:12.175Z", "groups": [], "user_permissions": []}}, {"model": "auth.user", "pk": 10, "fields": {"password": "!zOrtV6OV71F3p0ievoXZw2yHBsBMWGONPkMDf128", "last_login": "2017-04-22T23:56:08.736Z", "is_superuser": false, "username": "AlphabetDev", "first_name": "Alphabet", "last_name": "Dev", "email": "", "is_staff": false, "is_active": true, "date_joined": "2017-04-22T23:56:08.701Z", "groups": [], "user_permissions": []}}, {"model": "auth.user", "pk": 11, "fields": {"password": "!emhobtzrdGrVrCZtd86cqvXodXj21kEKw3kCKyLl", "last_login": "2017-04-23T03:46:17.811Z", "is_superuser": false, "username": "MaichelDube", "first_name": "Maichel", "last_name": "Dube", "email": "", "is_staff": false, "is_active": true, "date_joined": "2017-04-23T03:46:17.776Z", "groups": [], "user_permissions": []}}, {"model": "auth.user", "pk": 12, "fields": {"password": "!iQKQooFmWqzFQSJuHxgUejhKW9BQMn5T31rEA2t1", "last_login": "2017-04-24T02:41:04.007Z", "is_superuser": false, "username": "OlusegunShegzOpe", "first_name": "Olusegun", "last_name": "Shegz Ope", "email": "", "is_staff": false, "is_active": true, "date_joined": "2017-04-23T04:11:55.886Z", "groups": [], "user_permissions": []}}, {"model": "auth.user", "pk": 13, "fields": {"password": "!B1wRM9Nc3RlGQDgqAMWVjWP39X9DAB1OBQ1A4Mm1", "last_login": "2017-04-23T04:13:20.574Z", "is_superuser": false, "username": "biodunch", "first_name": "OluwaChris", "last_name": "", "email": "", "is_staff": false, "is_active": true, "date_joined": "2017-04-23T04:13:20.519Z", "groups": [], "user_permissions": []}}, {"model": "auth.user", "pk": 14, "fields": {"password": "!fVufmTSGlNKrvvNd8KT4rMEyy49fi0K3uURtDy6E", "last_login": "2017-04-23T07:46:10.471Z", "is_superuser": false, "username": "BoluAjibawo", "first_name": "Bolu", "last_name": "Ajibawo", "email": "", "is_staff": false, "is_active": true, "date_joined": "2017-04-23T07:46:10.440Z", "groups": [], "user_permissions": []}}, {"model": "auth.user", "pk": 15, "fields": {"password": "!VR2lo6gWakmK83GjhitBG2vhpqs5PpJL0XgeJ1Zl", "last_login": "2017-04-26T19:04:29.747Z", "is_superuser": false, "username": "EgbokhareAmanda", "first_name": "Egbokhare", "last_name": "Amanda", "email": "", "is_staff": false, "is_active": true, "date_joined": "2017-04-23T11:45:37.444Z", "groups": [], "user_permissions": []}}, {"model": "auth.user", "pk": 16, "fields": {"password": "!0q4efIryKCP8LQnqOll90phGGv6Bpkh0SHRUd2Re", "last_login": "2017-04-25T10:06:03.443Z", "is_superuser": false, "username": "AkinropoTaiwo", "first_name": "Akinropo", "last_name": "Taiwo", "email": "", "is_staff": false, "is_active": true, "date_joined": "2017-04-25T10:06:03.408Z", "groups": [], "user_permissions": []}}, {"model": "auth.user", "pk": 17, "fields": {"password": "!K3z1McbTzN2bTfUVCoTdSKS6Z1ypZQUDhrfDyhCm", "last_login": "2017-05-01T11:29:26.685Z", "is_superuser": false, "username": "OgundiranAl-ameen", "first_name": "Ogundiran", "last_name": "Al-ameen", "email": "", "is_staff": false, "is_active": true, "date_joined": "2017-05-01T11:29:26.587Z", "groups": [], "user_permissions": []}}, {"model": "social_django.usersocialauth", "pk": 1, "fields": {"user": 1, "provider": "facebook", "uid": "1509818022375412", "extra_data": "{\"granted_scopes\": [\"email\", \"public_profile\"], \"denied_scopes\": null, \"id\": \"1509818022375412\", \"auth_time\": 1494317677, \"token_type\": null, \"expires\": 5140048, \"access_token\": \"EAAZAWCHyxEdoBACzZB5zpv8Htg3N4EVhfMSDr2UrgoWur1pX6073b5FL44jZCnZCVVa8xBU1x5GtNOUV6FsujJIjaSQxsi9fa3Foeof4hXZBeTiCsFbZCZAJDI3WfqHZCAVZARMjbZCXeocEh5voEIbJHiZAzHkTwZCuVtS0ZBVT7X8tqewZDZD\"}"}}, {"model": "social_django.usersocialauth", "pk": 2, "fields": {"user": 2, "provider": "facebook", "uid": "962232627246863", "extra_data": "{\"granted_scopes\": [\"email\", \"public_profile\"], \"denied_scopes\": null, \"id\": \"962232627246863\", \"auth_time\": 1492890929, \"token_type\": null, \"expires\": 5183845, \"access_token\": \"EAAZAWCHyxEdoBAHw7PkRY6WOaXGEIZCnZCotShpjzMS5RSxZBFE2ZCH4TGdFu9FP8UOn0Bqi0sZCl1JSMOgXrXcKlZBHMCCjCflG57qu7KwZABkosY8TLH6BIryeMugZBZBsa0kW27aY9R2aOARP5I2K6nOqWFt12Acpb5VpFHwweZBgwZDZD\"}"}}, {"model": "social_django.usersocialauth", "pk": 3, "fields": {"user": 3, "provider": "facebook", "uid": "1704756286488749", "extra_data": "{\"granted_scopes\": [\"email\", \"public_profile\"], \"denied_scopes\": null, \"id\": \"1704756286488749\", \"auth_time\": 1492890882, \"token_type\": null, \"expires\": 5183998, \"access_token\": \"EAAZAWCHyxEdoBANZBf8ukfwmFEIkdjjfSWMpiYhTEZAAe0ZBOpG16wCameRGuIfqol4XfONZAA4TLGNC4GQfxyka4KKZBA6Jzq0A0mor65bJJ2xA7tWJTZCXDlRrIqYGLZCo3nXZB5LilzQ15huE6lOqvxma16xZBjjuEZD\"}"}}, {"model": "social_django.usersocialauth", "pk": 4, "fields": {"user": 4, "provider": "facebook", "uid": "1495317450513376", "extra_data": "{\"granted_scopes\": [\"email\", \"public_profile\"], \"denied_scopes\": null, \"id\": \"1495317450513376\", \"auth_time\": 1494297565, \"token_type\": null, \"expires\": 5183998, \"access_token\": \"EAAZAWCHyxEdoBAIj8tgZBF4BemVFVV1LXYEZBQV2UgEh7wQqtpIXFRApUvetkjpy4EDuBsVZAxoBw40T6LWKbsU3SFoVvCHFkBBF5LRaMP7lG3rrCFxlfJP4MMJf6AqGlsdwMgNtkX99cgqZBisq9HXhxBAoHqrQojOBmZCVD7IAZDZD\"}"}}, {"model": "social_django.usersocialauth", "pk": 5, "fields": {"user": 5, "provider": "facebook", "uid": "1375762309169843", "extra_data": "{\"granted_scopes\": [\"email\", \"public_profile\"], \"denied_scopes\": null, \"id\": \"1375762309169843\", \"auth_time\": 1492891046, \"token_type\": null, \"expires\": 5183971, \"access_token\": \"EAAZAWCHyxEdoBAHZB2rZC0yl6PIbxbdz5cEZC1K6eZAQsJK4iRifxUUZBQnax0GlO0GFmC0d9T1oYmbZASiuygiVxuB4ZCaXuTlybzxIPj94bHtJEHx6ESMJxL97LLuOy4LOZBZBTl53fYoK4hty9Jrppq0WGuhcceRGIVROUBNm7k5gZDZD\"}"}}, {"model": "social_django.usersocialauth", "pk": 6, "fields": {"user": 6, "provider": "facebook", "uid": "1155909047852801", "extra_data": "{\"granted_scopes\": [\"email\", \"public_profile\"], \"denied_scopes\": null, \"id\": \"1155909047852801\", \"auth_time\": 1492891555, \"token_type\": null, \"expires\": 5183986, \"access_token\": \"EAAZAWCHyxEdoBAHy0X15qjFosryEgKgULZB499bP3DcidRNVZCoXdyTNDNYZCk8Xm0ueIEZBEB8PTh5ZAHPJI9htTXqzXJotdLCZB23r890ZBCBf2Hq0BfcGT6mvtsrECDQNHZCpTMgpvLaogZAbfg8TlnQSs8R09rz9cZD\"}"}}, {"model": "social_django.usersocialauth", "pk": 7, "fields": {"user": 7, "provider": "facebook", "uid": "406131209768613", "extra_data": "{\"granted_scopes\": [\"email\", \"public_profile\"], \"denied_scopes\": null, \"id\": \"406131209768613\", \"auth_time\": 1492895132, \"token_type\": null, \"expires\": 5183840, \"access_token\": \"EAAZAWCHyxEdoBAJmaJC3JzzLNm07rz2RcB0AdnnYBG0nZCPmTZA2JcSdd76m6ulKmNZCsnhaf4pgwxzquPSVgm4HW29UMNwW0poDrxeRRCq0dsc42ZA1wI4JFJmEJTqC3QjBpTAkuugYPLh8pGc8qzfsf5tUJkEwZD\"}"}}, {"model": "social_django.usersocialauth", "pk": 8, "fields": {"user": 8, "provider": "twitter", "uid": "3021464536", "extra_data": "{\"access_token\": {\"oauth_token\": \"3021464536-quw23f7HDgSete7cQMoYeeTxVS7bV9dw5Mhk5sN\", \"screen_name\": \"StudioTobs\", \"x_auth_expires\": \"0\", \"oauth_token_secret\": \"WzjLtdYoKFWLFoke19VBRpHWv4X90kYgE1NM3gDbZRWKY\", \"user_id\": \"3021464536\"}, \"id\": 3021464536, \"auth_time\": 1492895262}"}}, {"model": "social_django.usersocialauth", "pk": 9, "fields": {"user": 9, "provider": "twitter", "uid": "89954856", "extra_data": "{\"access_token\": {\"oauth_token\": \"89954856-4ynsZ5B1zqu0KeCyMlhJ59jTK8GhjiIjRR19X6PLb\", \"screen_name\": \"othreecodes\", \"x_auth_expires\": \"0\", \"oauth_token_secret\": \"U6iMQWp1Y4l6Xd1Q8rocPXCz3CWqz2ByrwN7PFuRfk15F\", \"user_id\": \"89954856\"}, \"id\": 89954856, \"auth_time\": 1493021574}"}}, {"model": "social_django.usersocialauth", "pk": 10, "fields": {"user": 10, "provider": "facebook", "uid": "200171537166576", "extra_data": "{\"granted_scopes\": [\"email\", \"public_profile\"], \"denied_scopes\": null, \"id\": \"200171537166576\", \"auth_time\": 1492905368, \"token_type\": null, \"expires\": 5183999, \"access_token\": \"EAAZAWCHyxEdoBAJjtOXjn1C9AlZBTT2OIAVSl7m9uwp6CEFZCi7hMATdGUZAYtLZCJHQQ716jgLqvQa0NZB7zZBFoP96ORMNrx9PxvxZCFJydGfK1S4R0dvBuYcyhNz1tSSG9azC9mdVwL5clzZC2Szj6WtO2lAp1Iv4ZD\"}"}}, {"model": "social_django.usersocialauth", "pk": 11, "fields": {"user": 11, "provider": "facebook", "uid": "619628094900082", "extra_data": "{\"granted_scopes\": [\"email\", \"public_profile\"], \"denied_scopes\": null, \"id\": \"619628094900082\", \"auth_time\": 1492919299, \"token_type\": null, \"expires\": 5183877, \"access_token\": \"EAAZAWCHyxEdoBAO2cLpb1SP4ZBOaEC4ZCIXH1vuhHQL77zNEBhypEWpn5GZBF8hEkG0IhqslPZCiReRj9XPMR1JViuQkqqp0wP3kfXVFqA1ZC6WvLQdZCMLeWIHtPWhmZBaebkdmDEbeJd5Xy11cIy3ZBZB15ZBB7HkU6QzEoeRJrsVTAZDZD\"}"}}, {"model": "social_django.usersocialauth", "pk": 12, "fields": {"user": 12, "provider": "facebook", "uid": "1682746492018959", "extra_data": "{\"granted_scopes\": [\"email\", \"public_profile\"], \"denied_scopes\": null, \"id\": \"1682746492018959\", \"auth_time\": 1493001663, \"token_type\": null, \"expires\": 5103050, \"access_token\": \"EAAZAWCHyxEdoBAOxlSVv4pLgFk1pceTAZA3PTq2CQpTYkCLEcwZCw78OV1RGbl6ZBBNcppe6lmpZCAQm7ZBvVnDeVVi3ZCSr7iN5k44ltCNO24B6KWv4wrGIIN7NIZCTTWLpVtVRaQfhmmnOZA5U10mcPwUqPF8Y8dowZD\"}"}}, {"model": "social_django.usersocialauth", "pk": 13, "fields": {"user": 13, "provider": "twitter", "uid": "737334779788595202", "extra_data": "{\"access_token\": {\"oauth_token\": \"737334779788595202-LWup0D7HUDAA4dZcxOICNOA5a1uJSki\", \"screen_name\": \"biodunch\", \"x_auth_expires\": \"0\", \"oauth_token_secret\": \"JYhDl0cbWXQagrh8bsmrUY77daAfdKCTFSBylIIbiBEMr\", \"user_id\": \"737334779788595202\"}, \"id\": 737334779788595202, \"auth_time\": 1492920800}"}}, {"model": "social_django.usersocialauth", "pk": 14, "fields": {"user": 14, "provider": "facebook", "uid": "1535157053181233", "extra_data": "{\"granted_scopes\": [\"email\", \"public_profile\"], \"denied_scopes\": null, \"id\": \"1535157053181233\", \"auth_time\": 1492933570, \"token_type\": null, \"expires\": 5183999, \"access_token\": \"EAAZAWCHyxEdoBAADwvZCaKsYYO94GPLkZBJwHK3KrcCjzKrZCzZCh3nc1MsPdQwmWzuYSBSu2PtOt5ZCex3ZAqgkWmfoyE2p8xPdSZBPPU7KesWwjpstljUzKZC3ImWXaKWudI7Lydl6t2KMdUUdSEZCIRTr4eqZCtFfeLXj8rzYmUGewZDZD\"}"}}, {"model": "social_django.usersocialauth", "pk": 15, "fields": {"user": 15, "provider": "facebook", "uid": "958511260918694", "extra_data": "{\"granted_scopes\": [\"email\", \"public_profile\"], \"denied_scopes\": null, \"id\": \"958511260918694\", \"auth_time\": 1493233469, \"token_type\": null, \"expires\": 5183999, \"access_token\": \"EAAZAWCHyxEdoBANRnfeu513NOZB9aK6gIc76ToZB9C4oQ5RtKABaW5CZBMEZAY7kbZBnyZAF8TriaDkryCpk4M740We5D9syMSMh6wa3Ls0Wk9R3v9pTKpuZBO4ZBAhQorwZBQQHmG062Pbo5gP0TKCdQwjkWr2GzUktwZD\"}"}}, {"model": "social_django.usersocialauth", "pk": 16, "fields": {"user": 16, "provider": "facebook", "uid": "1293508667430545", "extra_data": "{\"granted_scopes\": [\"email\", \"public_profile\"], \"denied_scopes\": null, \"id\": \"1293508667430545\", \"auth_time\": 1493114763, \"token_type\": null, \"expires\": 5183997, \"access_token\": \"EAAZAWCHyxEdoBABTduxYUbIH0QBYwV5OTZBGzIoaZAKfckGzBol7MDGnOaKzn8cgJ1V4MfzIcOJOsVEUWTGPSKPhriJeiBAZAgMtDEeObLPBi336GP5qLdv4z4WP4f5r5aa5m1uPTvfsEfDRVh30VGt4i9pnuZC1ZB2K0fViI8YQZDZD\"}"}}, {"model": "social_django.usersocialauth", "pk": 17, "fields": {"user": 17, "provider": "facebook", "uid": "1494635740607713", "extra_data": "{\"granted_scopes\": [\"email\", \"public_profile\"], \"denied_scopes\": null, \"id\": \"1494635740607713\", \"auth_time\": 1493638166, \"token_type\": null, \"expires\": 5183999, \"access_token\": \"EAAZAWCHyxEdoBAAnVub5qC7wZBV0k3zsSAFZCbZCkCGwvRwwYPVqL8sNHj0bUX0mAL1074shZCNe8dq2uoaoZCLDflvZCSAtZAOjhR2LHaZBYZChqys3MuJj5NRJ3U5SW1MZBAROPYZADynDNTyj84DrojaNZBVuxjPBXRH4ZD\"}"}}, {"model": "app.complaint", "pk": 1, "fields": {"user": 4, "text": "NothingNothingNothingNothingNothingNothingNothingNothingNothingNothing", "time": "2017-04-22T19:56:09.464Z", "private": false}}, {"model": "app.complaint", "pk": 2, "fields": {"user": 1, "text": "I guess I'll be the first person to test this out. Im tired of failed the deploys, I wish apps could just test themselves out, haba.", "time": "2017-04-22T19:56:34.967Z", "private": false}}, {"model": "app.complaint", "pk": 3, "fields": {"user": 4, "text": "kokokjkjlkNothingNothingNothingNothingNothingNothingNothingNothingNothingNothingNothingNothingNothingNothing", "time": "2017-04-22T19:57:22.466Z", "private": false}}, {"model": "app.complaint", "pk": 4, "fields": {"user": 3, "text": "of being bored, jobless. i need a partime job dat i can shuffle with school.", "time": "2017-04-22T19:58:19.580Z", "private": false}}, {"model": "app.complaint", "pk": 7, "fields": {"user": 6, "text": "I really don't know what is bothering me. Just wanna test out this site", "time": "2017-04-22T20:07:51.644Z", "private": false}}, {"model": "app.complaint", "pk": 8, "fields": {"user": 1, "text": "I'm hungry now. I can't stand up to get something to eat. Its not that I'm lazy, I'm just conservative. ", "time": "2017-04-22T20:40:16.599Z", "private": false}}, {"model": "app.complaint", "pk": 9, "fields": {"user": 8, "text": "That moment when you buy a fake battery double the normal prize, only to get home and it lasts just 2hrs. What's worse? Discovering a new site that same day that already implemented an idea u always had \ud83d\ude2d\ud83d\ude2d\ud83d\ude2d\ud83d\ude2d", "time": "2017-04-22T21:10:04.476Z", "private": false}}, {"model": "app.complaint", "pk": 10, "fields": {"user": 4, "text": "Admin, I'm not happy, You deleted my Post. I shall report you", "time": "2017-04-22T21:39:51.184Z", "private": false}}, {"model": "app.complaint", "pk": 11, "fields": {"user": 1, "text": "Wo this coding thingy dey vex me...\r\n4 hours sleep every night. \ud83d\ude14\ud83d\ude14", "time": "2017-04-23T05:18:01.812Z", "private": false}}, {"model": "app.complaint", "pk": 12, "fields": {"user": 1, "text": "Some people will go to ATM and check balance before and after withdrawing, e just tire me \ud83d\ude14\ud83d\ude14", "time": "2017-04-23T07:07:44.135Z", "private": false}}, {"model": "app.complaint", "pk": 13, "fields": {"user": 14, "text": "I really don't know, perhaps the complexity/simplicity of life", "time": "2017-04-23T07:47:14.000Z", "private": false}}, {"model": "app.complaint", "pk": 14, "fields": {"user": 9, "text": "Just Testing this out jare, no complaints to post here yet", "time": "2017-04-24T08:13:40.434Z", "private": false}}, {"model": "app.complaint", "pk": 15, "fields": {"user": 16, "text": "Ui adding to my academics workload....", "time": "2017-04-25T10:08:16.351Z", "private": false}}, {"model": "app.complaint", "pk": 16, "fields": {"user": 1, "text": "I'm tired of not sleeping or resting enough, but this month won't make itself .\ud83d\ude38", "time": "2017-04-28T17:01:31.802Z", "private": false}}, {"model": "app.complaint", "pk": 17, "fields": {"user": 17, "text": "What is bothering me is the fact that i am not bothered", "time": "2017-05-01T11:30:07.107Z", "private": false}}, {"model": "app.complaint", "pk": 18, "fields": {"user": 1, "text": "No light. I haven't pushed a single commit to my git today \ud83d\ude2d\ud83d\ude2d\ud83d\ude2d\ud83d\ude2d\ud83d\ude2d\ud83d\ude2d", "time": "2017-05-08T20:03:04.630Z", "private": false}}, {"model": "app.comment", "pk": 1, "fields": {"commenter": 9, "complaint": 3, "time": "2017-04-22T23:35:52.985Z", "comment": "Damn;!!!!!!!!!!!"}}, {"model": "app.comment", "pk": 2, "fields": {"commenter": 1, "complaint": 10, "time": "2017-04-22T23:51:21.474Z", "comment": "Lol, When you'll be spamming nko"}}, {"model": "app.comment", "pk": 3, "fields": {"commenter": 4, "complaint": 10, "time": "2017-04-23T04:28:27.127Z", "comment": "Weldone Sir"}}, {"model": "app.comment", "pk": 4, "fields": {"commenter": 4, "complaint": 9, "time": "2017-04-23T04:30:09.195Z", "comment": "lol... I've been there :p"}}, {"model": "app.comment", "pk": 5, "fields": {"commenter": 1, "complaint": 15, "time": "2017-04-25T11:56:42.972Z", "comment": "Eyahhhhh..lol"}}, {"model": "app.comment", "pk": 6, "fields": {"commenter": 1, "complaint": 1, "time": "2017-04-26T17:29:41.562Z", "comment": "Smh........"}}]